アニメタイトル,配信サービス,配信開始日時
その着せ替え人形は恋をする Season 2,Prime Video,2025-07-06 00:30:00
その着せ替え人形は恋をする Season 2,dアニメストア,2025-07-08 12:00:00
タコピーの原罪,U-NEXT,2025-06-28 00:00:00
タコピーの原罪,ABEMA,2025-06-28 00:00:00
タコピーの原罪,Prime Video,2025-06-28 00:00:00
タコピーの原罪,Disney+（ディズニープラス）,2025-06-28 00:00:00
タコピーの原罪,Lemino,2025-06-28 00:00:00
出禁のモグラ,Prime Video,2025-07-06 22:00:00
出禁のモグラ,アニメタイムズ,2025-07-10 22:00:00
出禁のモグラ,Lemino,2025-07-10 22:00:00
出禁のモグラ,Hulu,2025-07-10 22:00:00
水属性の魔法使い,dアニメストア,2025-07-03 02:00:00
水属性の魔法使い,U-NEXT,2025-07-04 11:00:00
ぬきたし THE ANIMATION,DMM TV,2025-07-19 02:35:00
勇者パーティーを追放された白魔導師、Sランク冒険者に拾われる ～この白魔導師が規格外すぎる～,dアニメストア,2025-07-06 00:00:00
勇者パーティーを追放された白魔導師、Sランク冒険者に拾われる ～この白魔導師が規格外すぎる～,ABEMA,2025-07-06 00:00:00
強くてニューサーガ,dアニメストア,2025-07-03 02:45:00
強くてニューサーガ,Prime Video,2025-07-05 02:45:00
強くてニューサーガ,ABEMA,2025-07-05 02:45:00
強くてニューサーガ,FOD,2025-07-05 12:00:00
人妻の唇は缶チューハイの味がして,AnimeFesta,2025-07-02 01:00:00
人妻の唇は缶チューハイの味がして,DMM TV,2025-07-02 01:00:00
人妻の唇は缶チューハイの味がして,dアニメストア,2025-07-05 00:00:00
人妻の唇は缶チューハイの味がして,U-NEXT,2025-07-05 00:00:00
雨と君と,dアニメストア,2025-07-05 02:00:00
雨と君と,U-NEXT,2025-07-10 02:00:00
雨と君と,Lemino,2025-07-10 02:00:00
雨と君と,ABEMA,2025-07-10 02:00:00
公女殿下の家庭教師,ABEMA,2025-06-29 01:30:00
公女殿下の家庭教師,dアニメストア,2025-06-29 01:30:00
公女殿下の家庭教師,U-NEXT,2025-07-06 01:30:00
公女殿下の家庭教師,Hulu,2025-07-06 01:30:00
公女殿下の家庭教師,アニメタイムズ,2025-07-06 01:30:00
ブサメンガチファイター,dアニメストア,2025-07-07 00:00:00
ブサメンガチファイター,Prime Video,2025-07-07 00:00:00
ブサメンガチファイター,ABEMA,2025-07-07 00:00:00
ブサメンガチファイター,DMM TV,2025-07-12 22:00:00
ブサメンガチファイター,U-NEXT,2025-07-12 22:00:00
追放白魔導師 ミニアニメ,dアニメストア,2025-07-06 00:00:00
追放白魔導師 ミニアニメ,ABEMA,2025-07-06 00:00:00
瑠璃の宝石,dアニメストア,2025-07-06 21:30:00
瑠璃の宝石,Prime Video,2025-07-09 12:00:00
瑠璃の宝石,DMM TV,2025-07-10 00:00:00
瑠璃の宝石,アニメタイムズ,2025-07-10 00:00:00
瑠璃の宝石,AnimeFesta,2025-07-10 00:00:00
帝乃三姉妹は案外、チョロい。,Prime Video,2025-07-10 01:00:00
帝乃三姉妹は案外、チョロい。,dアニメストア,2025-07-10 01:00:00
帝乃三姉妹は案外、チョロい。,Netflix,2025-07-10 01:00:00
帝乃三姉妹は案外、チョロい。,AnimeFesta,2025-07-11 00:00:00
帝乃三姉妹は案外、チョロい。,アニメタイムズ,2025-07-11 00:00:00
Turkey!,ABEMA,2025-07-09 02:30:00
Turkey!,AnimeFesta,2025-07-09 02:30:00
Turkey!,Prime Video,2025-07-09 02:30:00
Turkey!,U-NEXT,2025-07-09 23:00:00
薫る花は凛と咲く,Netflix,2025-07-06 01:00:00
薫る花は凛と咲く,ABEMA,2025-07-06 01:00:00
薫る花は凛と咲く,Prime Video,2025-07-13 01:00:00
薫る花は凛と咲く,Lemino,2025-07-13 19:00:00
薫る花は凛と咲く,AnimeFesta,2025-07-13 19:00:00
薫る花は凛と咲く,アニメタイムズ,2025-07-13 19:00:00
気絶勇者と暗殺姫,ABEMA,2025-07-05 23:00:00
気絶勇者と暗殺姫,dアニメストア,2025-07-19 23:00:00
気絶勇者と暗殺姫,DMM TV,2025-07-19 23:00:00
気絶勇者と暗殺姫,FOD,2025-07-19 23:00:00
クレバテス-魔獣の王と赤子と屍の勇者-,dアニメストア,2025-07-02 20:30:00
クレバテス-魔獣の王と赤子と屍の勇者-,U-NEXT,2025-07-02 20:30:00
クレバテス-魔獣の王と赤子と屍の勇者-,ABEMA,2025-07-07 22:00:00
光が死んだ夏,ABEMA,2025-07-06 00:55:00
光が死んだ夏,Netflix,2025-07-06 00:55:00
青春ブタ野郎はサンタクロースの夢を見ない,ABEMA,2025-07-05 23:30:00
青春ブタ野郎はサンタクロースの夢を見ない,U-NEXT,2025-07-05 23:30:00
青春ブタ野郎はサンタクロースの夢を見ない,dアニメストア,2025-07-08 12:00:00
青春ブタ野郎はサンタクロースの夢を見ない,Prime Video,2025-07-08 12:00:00
青春ブタ野郎はサンタクロースの夢を見ない,FOD,2025-07-09 00:00:00
青春ブタ野郎はサンタクロースの夢を見ない,AnimeFesta,2025-07-09 00:00:00
New PANTY & STOCKING with GARTERBELT,Prime Video,2025-07-10 01:00:00
CITY THE ANIMATION,Prime Video,2025-07-07 00:30:00
サイレント・ウィッチ 沈黙の魔女の隠しごと,U-NEXT,2025-07-05 00:00:00
サイレント・ウィッチ 沈黙の魔女の隠しごと,dアニメストア,2025-07-05 00:00:00
サイレント・ウィッチ 沈黙の魔女の隠しごと,Prime Video,2025-07-08 12:00:00
サイレント・ウィッチ 沈黙の魔女の隠しごと,ABEMA,2025-07-08 12:00:00
サイレント・ウィッチ 沈黙の魔女の隠しごと,DMM TV,2025-07-08 12:00:00
サイレント・ウィッチ 沈黙の魔女の隠しごと,FOD,2025-07-08 12:00:00
サイレント・ウィッチ 沈黙の魔女の隠しごと,Lemino,2025-07-08 12:00:00
サイレント・ウィッチ 沈黙の魔女の隠しごと,AnimeFesta,2025-07-09 00:00:00
追放者食堂へようこそ！,アニメタイムズ,2025-07-03 22:30:00
追放者食堂へようこそ！,Lemino,2025-07-03 22:30:00
追放者食堂へようこそ！,dアニメストア,2025-07-03 22:30:00
追放者食堂へようこそ！,Hulu,2025-07-06 22:30:00
白豚貴族ですが前世の記憶が生えたのでひよこな弟育てます,ABEMA,2025-04-20 20:00:00
白豚貴族ですが前世の記憶が生えたのでひよこな弟育てます,Prime Video,2025-07-06 22:30:00
白豚貴族ですが前世の記憶が生えたのでひよこな弟育てます,Hulu,2025-07-06 22:30:00
ぐらんぶる Season 2,アニメタイムズ,2025-07-08 01:00:00
ぐらんぶる Season 2,Lemino,2025-07-08 01:00:00
ぐらんぶる Season 2,U-NEXT,2025-07-08 01:00:00
ぐらんぶる Season 2,ABEMA,2025-07-13 01:00:00
ぐらんぶる Season 2,dアニメストア,2025-07-13 01:00:00
うたごえはミルフィーユ,ABEMA,2025-07-17 22:30:00
うたごえはミルフィーユ,AnimeFesta,2025-07-17 22:30:00
うたごえはミルフィーユ,Prime Video,2025-07-17 22:30:00
うたごえはミルフィーユ,Lemino,2025-07-19 00:00:00
うたごえはミルフィーユ,U-NEXT,2025-07-19 00:00:00
盾の勇者の成り上がり Season4,dアニメストア,2025-07-09 22:00:00
盾の勇者の成り上がり Season4,Lemino,2025-07-09 22:00:00
盾の勇者の成り上がり Season4,ABEMA,2025-07-14 22:00:00
傷だらけ聖女より報復をこめて,dアニメストア,2025-07-13 02:43:00
傷だらけ聖女より報復をこめて,アニメタイムズ,2025-07-13 02:43:00
ふたりソロキャンプ,Prime Video,2025-07-11 01:30:00
ふたりソロキャンプ,U-NEXT,2025-07-11 01:30:00
ふたりソロキャンプ,ABEMA,2025-07-16 01:30:00
ふたりソロキャンプ,AnimeFesta,2025-07-16 01:30:00
ばっどがーる,Prime Video,2025-07-06 00:00:00
ばっどがーる,U-NEXT,2025-07-06 00:00:00
カッコウの許嫁 Season2,dアニメストア,2025-07-08 23:00:00
カッコウの許嫁 Season2,ABEMA,2025-07-08 23:00:00
転生宗主の覇道譚 ～すべてを呑み込むサカナと這い上がる～,ABEMA,2025-07-03 12:00:00
転生宗主の覇道譚 ～すべてを呑み込むサカナと這い上がる～,Prime Video,2025-07-03 12:00:00
転生宗主の覇道譚 ～すべてを呑み込むサカナと這い上がる～,DMM TV,2025-07-03 12:00:00
転生宗主の覇道譚 ～すべてを呑み込むサカナと這い上がる～,FOD,2025-07-03 12:00:00
転生宗主の覇道譚 ～すべてを呑み込むサカナと這い上がる～,U-NEXT,2025-07-04 00:00:00
デキちゃうまで婚,AnimeFesta,2025-07-07 01:00:00
デキちゃうまで婚,DMM TV,2025-07-07 01:00:00
異世界黙示録マイノグーラ ～破滅の文明で始める世界征服～,dアニメストア,2025-07-08 00:00:00
異世界黙示録マイノグーラ ～破滅の文明で始める世界征服～,U-NEXT,2025-07-08 00:00:00
